frame,action,video_id
1,none,1
2,none,1
3,none,1
4,none,1
5,none,1
6,none,1
7,none,1
8,none,1
9,none,1
10,none,1
11,none,1
12,none,1
13,none,1
14,none,1
15,none,1
16,none,1
17,none,1
18,none,1
19,none,1
20,none,1
21,none,1
22,none,1
23,none,1
24,none,1
25,none,1
26,none,1
27,none,1
28,none,1
29,none,1
30,none,1
31,none,1
32,none,1
33,none,1
34,none,1
35,none,1
36,none,1
37,none,1
38,none,1
39,none,1
40,none,1
41,none,1
42,none,1
43,none,1
44,none,1
45,none,1
46,none,1
47,none,1
48,none,1
49,none,1
50,none,1
51,none,1
52,none,1
53,none,1
54,none,1
55,none,1
56,none,1
57,none,1
58,none,1
59,none,1
60,none,1
61,none,1
62,none,1
63,none,1
64,none,1
65,none,1
66,none,1
67,none,1
68,none,1
69,none,1
70,none,1
71,none,1
72,none,1
73,none,1
74,none,1
75,none,1
76,none,1
77,none,1
78,none,1
79,none,1
80,none,1
81,none,1
82,none,1
83,none,1
84,none,1
85,none,1
86,none,1
87,none,1
88,none,1
89,none,1
90,none,1
91,none,1
92,none,1
93,none,1
94,none,1
95,none,1
96,none,1
97,none,1
98,none,1
99,none,1
100,none,1
101,none,1
102,none,1
103,none,1
104,none,1
105,none,1
106,none,1
107,none,1
108,none,1
109,none,1
110,none,1
111,none,1
112,none,1
113,none,1
114,none,1
115,none,1
116,none,1
117,none,1
118,none,1
119,none,1
120,none,1
121,none,1
122,none,1
123,eating,1
124,eating,1
125,eating,1
126,eating,1
127,eating,1
128,eating,1
129,eating,1
130,eating,1
131,eating,1
132,eating,1
133,eating,1
134,eating,1
135,eating,1
136,eating,1
137,eating,1
138,eating,1
139,eating,1
140,eating,1
141,eating,1
142,eating,1
143,eating,1
144,eating,1
145,eating,1
146,eating,1
147,eating,1
148,eating,1
149,eating,1
150,eating,1
151,eating,1
152,eating,1
153,eating,1
154,eating,1
155,eating,1
156,eating,1
157,eating,1
158,eating,1
159,eating,1
160,eating,1
161,eating,1
162,eating,1
163,eating,1
164,eating,1
165,eating,1
166,eating,1
167,eating,1
168,eating,1
169,eating,1
170,eating,1
171,eating,1
172,eating,1
173,eating,1
174,eating,1
175,eating,1
176,eating,1
177,eating,1
178,eating,1
179,eating,1
180,eating,1
181,eating,1
182,eating,1
183,eating,1
184,eating,1
185,eating,1
186,eating,1
187,eating,1
188,eating,1
189,eating,1
190,eating,1
191,eating,1
192,eating,1
193,eating,1
194,eating,1
195,eating,1
196,eating,1
197,eating,1
198,eating,1
199,eating,1
200,eating,1
201,eating,1
202,eating,1
203,eating,1
204,eating,1
205,eating,1
206,eating,1
207,eating,1
208,eating,1
209,eating,1
210,eating,1
211,eating,1
212,eating,1
213,eating,1
214,eating,1
215,eating,1
216,eating,1
217,eating,1
218,eating,1
219,eating,1
220,eating,1
221,eating,1
222,eating,1
223,eating,1
224,eating,1
225,eating,1
226,eating,1
227,eating,1
228,eating,1
229,eating,1
230,eating,1
231,eating,1
232,eating,1
233,eating,1
234,eating,1
235,eating,1
236,eating,1
237,eating,1
238,eating,1
239,eating,1
240,eating,1
241,eating,1
242,eating,1
243,eating,1
244,eating,1
245,eating,1
246,eating,1
247,eating,1
248,eating,1
249,eating,1
250,eating,1
251,eating,1
252,eating,1
253,eating,1
254,eating,1
255,eating,1
256,eating,1
257,eating,1
258,eating,1
259,eating,1
260,eating,1
261,eating,1
262,eating,1
263,eating,1
264,eating,1
265,eating,1
266,eating,1
267,eating,1
268,eating,1
269,eating,1
270,eating,1
271,eating,1
272,eating,1
273,eating,1
274,eating,1
275,eating,1
276,eating,1
277,eating,1
278,eating,1
279,eating,1
280,eating,1
281,eating,1
282,eating,1
283,eating,1
284,eating,1
285,eating,1
286,eating,1
287,eating,1
288,eating,1
289,eating,1
290,eating,1
291,eating,1
292,eating,1
293,eating,1
294,eating,1
295,eating,1
296,eating,1
297,eating,1
298,eating,1
299,eating,1
300,eating,1
301,eating,1
302,eating,1
303,eating,1
304,eating,1
305,eating,1
306,eating,1
307,eating,1
308,eating,1
309,eating,1
310,eating,1
311,eating,1
312,eating,1
313,eating,1
314,eating,1
315,eating,1
316,eating,1
317,eating,1
318,eating,1
319,eating,1
320,eating,1
321,eating,1
322,eating,1
323,eating,1
324,eating,1
325,eating,1
326,eating,1
327,eating,1
328,eating,1
329,eating,1
330,eating,1
331,eating,1
332,eating,1
333,eating,1
334,eating,1
335,eating,1
336,eating,1
337,eating,1
338,eating,1
339,eating,1
340,eating,1
341,eating,1
342,eating,1
343,eating,1
344,eating,1
345,eating,1
346,eating,1
347,eating,1
348,eating,1
349,eating,1
350,eating,1
351,eating,1
352,eating,1
353,eating,1
354,eating,1
355,eating,1
356,eating,1
357,eating,1
358,eating,1
359,eating,1
360,eating,1
361,eating,1
362,eating,1
363,eating,1
364,eating,1
365,eating,1
366,eating,1
367,eating,1
368,eating,1
369,eating,1
370,eating,1
371,eating,1
372,eating,1
373,eating,1
374,eating,1
375,eating,1
376,eating,1
377,eating,1
378,eating,1
379,eating,1
380,eating,1
381,eating,1
382,eating,1
383,eating,1
384,eating,1
385,eating,1
386,eating,1
387,eating,1
388,eating,1
389,eating,1
390,eating,1
391,eating,1
392,eating,1
393,eating,1
394,eating,1
395,eating,1
396,eating,1
397,eating,1
398,eating,1
399,eating,1
400,eating,1
401,eating,1
402,eating,1
403,eating,1
404,eating,1
405,eating,1
406,eating,1
407,eating,1
408,eating,1
409,eating,1
410,eating,1
411,eating,1
412,eating,1
413,eating,1
414,eating,1
415,eating,1
416,eating,1
417,eating,1
418,eating,1
419,eating,1
420,eating,1
421,eating,1
422,eating,1
423,eating,1
424,eating,1
425,eating,1
426,eating,1
427,eating,1
428,eating,1
429,eating,1
430,eating,1
431,eating,1
432,eating,1
433,eating,1
434,eating,1
435,eating,1
436,eating,1
437,eating,1
438,eating,1
439,eating,1
440,eating,1
441,eating,1
442,eating,1
443,eating,1
444,eating,1
445,eating,1
446,eating,1
447,eating,1
448,eating,1
449,eating,1
450,eating,1
451,eating,1
452,eating,1
453,eating,1
454,eating,1
455,eating,1
456,eating,1
457,eating,1
458,eating,1
459,eating,1
460,eating,1
461,eating,1
462,eating,1
463,eating,1
464,eating,1
465,eating,1
466,eating,1
467,eating,1
468,eating,1
469,eating,1
470,eating,1
471,eating,1
472,eating,1
473,eating,1
474,eating,1
475,eating,1
476,eating,1
477,eating,1
478,eating,1
479,eating,1
480,eating,1
481,eating,1
482,eating,1
483,eating,1
484,eating,1
485,eating,1
486,eating,1
487,eating,1
488,eating,1
489,eating,1
490,eating,1
491,eating,1
492,eating,1
493,eating,1
494,eating,1
495,eating,1
496,eating,1
497,eating,1
498,eating,1
499,eating,1
500,eating,1
501,eating,1
502,eating,1
503,eating,1
504,eating,1
505,eating,1
506,eating,1
507,eating,1
508,eating,1
509,eating,1
510,eating,1
511,eating,1
512,eating,1
513,eating,1
514,eating,1
515,eating,1
516,eating,1
517,eating,1
518,eating,1
519,eating,1
520,eating,1
521,eating,1
522,eating,1
523,eating,1
524,eating,1
525,eating,1
526,eating,1
527,eating,1
528,eating,1
529,eating,1
530,eating,1
531,eating,1
532,eating,1
533,eating,1
534,eating,1
535,eating,1
536,eating,1
537,eating,1
538,eating,1
539,eating,1
540,eating,1
541,eating,1
542,eating,1
543,eating,1
544,eating,1
545,eating,1
546,eating,1
547,eating,1
548,eating,1
549,eating,1
550,eating,1
551,eating,1
552,eating,1
553,eating,1
554,eating,1
555,eating,1
556,eating,1
557,eating,1
558,eating,1
559,eating,1
560,eating,1
561,eating,1
562,eating,1
563,eating,1
564,eating,1
565,eating,1
1,drinking,2
2,drinking,2
3,drinking,2
4,drinking,2
5,drinking,2
6,drinking,2
7,drinking,2
8,drinking,2
9,drinking,2
10,drinking,2
11,drinking,2
12,drinking,2
13,drinking,2
14,drinking,2
15,drinking,2
16,drinking,2
17,drinking,2
18,drinking,2
19,drinking,2
20,drinking,2
21,drinking,2
22,drinking,2
23,drinking,2
24,drinking,2
25,drinking,2
26,drinking,2
27,drinking,2
28,drinking,2
29,drinking,2
30,drinking,2
31,drinking,2
32,drinking,2
33,drinking,2
34,drinking,2
35,drinking,2
36,drinking,2
37,drinking,2
38,drinking,2
39,drinking,2
40,drinking,2
41,drinking,2
42,drinking,2
43,drinking,2
44,drinking,2
45,drinking,2
46,drinking,2
47,drinking,2
48,drinking,2
49,drinking,2
50,drinking,2
51,drinking,2
52,drinking,2
53,drinking,2
54,drinking,2
55,drinking,2
56,drinking,2
57,drinking,2
58,drinking,2
59,drinking,2
60,drinking,2
61,drinking,2
62,drinking,2
63,drinking,2
64,drinking,2
65,drinking,2
66,drinking,2
67,drinking,2
68,drinking,2
69,drinking,2
70,drinking,2
71,drinking,2
72,drinking,2
73,drinking,2
74,drinking,2
75,drinking,2
76,drinking,2
77,drinking,2
78,drinking,2
79,drinking,2
80,drinking,2
81,drinking,2
82,drinking,2
83,drinking,2
84,drinking,2
85,drinking,2
86,drinking,2
87,drinking,2
88,drinking,2
89,drinking,2
90,drinking,2
91,drinking,2
92,drinking,2
93,drinking,2
94,drinking,2
95,drinking,2
96,drinking,2
97,drinking,2
98,drinking,2
99,drinking,2
100,drinking,2
101,drinking,2
102,drinking,2
103,drinking,2
104,drinking,2
105,drinking,2
106,drinking,2
107,drinking,2
108,drinking,2
109,drinking,2
110,drinking,2
111,drinking,2
112,drinking,2
113,drinking,2
114,drinking,2
115,drinking,2
116,drinking,2
117,drinking,2
118,drinking,2
119,drinking,2
120,drinking,2
121,drinking,2
122,drinking,2
123,drinking,2
124,drinking,2
125,drinking,2
126,drinking,2
127,drinking,2
128,drinking,2
129,none,2
130,none,2
131,none,2
132,none,2
133,none,2
134,none,2
135,none,2
136,none,2
137,none,2
138,none,2
139,none,2
140,none,2
141,none,2
142,none,2
143,none,2
144,none,2
145,none,2
146,none,2
147,none,2
148,none,2
149,none,2
150,none,2
151,none,2
152,none,2
153,none,2
154,drinking,2
155,drinking,2
156,drinking,2
157,drinking,2
158,drinking,2
159,drinking,2
160,drinking,2
161,drinking,2
162,drinking,2
163,drinking,2
164,drinking,2
165,drinking,2
166,drinking,2
167,drinking,2
168,drinking,2
169,drinking,2
170,drinking,2
171,drinking,2
172,drinking,2
173,drinking,2
174,drinking,2
175,drinking,2
176,drinking,2
177,drinking,2
178,drinking,2
179,drinking,2
180,drinking,2
181,drinking,2
182,drinking,2
183,drinking,2
184,drinking,2
185,drinking,2
186,drinking,2
187,drinking,2
188,drinking,2
189,drinking,2
190,drinking,2
191,drinking,2
192,drinking,2
193,drinking,2
194,drinking,2
195,drinking,2
196,drinking,2
197,drinking,2
198,drinking,2
199,drinking,2
200,drinking,2
201,drinking,2
202,drinking,2
203,drinking,2
204,drinking,2
205,drinking,2
206,drinking,2
207,drinking,2
208,drinking,2
209,drinking,2
210,drinking,2
211,drinking,2
212,drinking,2
213,drinking,2
214,drinking,2
215,drinking,2
216,drinking,2
217,drinking,2
218,drinking,2
219,drinking,2
220,drinking,2
221,drinking,2
222,drinking,2
223,drinking,2
224,drinking,2
225,drinking,2
226,drinking,2
227,drinking,2
228,drinking,2
229,drinking,2
230,drinking,2
231,drinking,2
232,drinking,2
233,drinking,2
234,drinking,2
235,drinking,2
236,drinking,2
237,drinking,2
238,drinking,2
239,drinking,2
240,drinking,2
241,drinking,2
242,drinking,2
243,drinking,2
244,drinking,2
245,drinking,2
246,drinking,2
247,drinking,2
248,drinking,2
249,drinking,2
250,drinking,2
251,drinking,2
252,drinking,2
253,drinking,2
254,drinking,2
255,drinking,2
256,drinking,2
257,drinking,2
258,drinking,2
259,drinking,2
260,drinking,2
261,drinking,2
262,drinking,2
263,drinking,2
264,drinking,2
265,drinking,2
266,drinking,2
267,drinking,2
268,drinking,2
269,drinking,2
270,drinking,2
271,drinking,2
272,drinking,2
273,drinking,2
274,drinking,2
275,drinking,2
276,drinking,2
277,drinking,2
278,drinking,2
279,drinking,2
280,drinking,2
281,drinking,2
282,drinking,2
283,drinking,2
284,drinking,2
285,drinking,2
286,drinking,2
287,drinking,2
288,drinking,2
289,drinking,2
290,drinking,2
291,drinking,2
292,drinking,2
293,drinking,2
294,drinking,2
295,drinking,2
296,drinking,2
297,drinking,2
298,drinking,2
299,drinking,2
300,drinking,2
301,drinking,2
302,drinking,2
303,drinking,2
304,drinking,2
305,drinking,2
306,drinking,2
307,drinking,2
308,drinking,2
309,drinking,2
310,drinking,2
311,drinking,2
312,drinking,2
313,drinking,2
314,drinking,2
315,drinking,2
316,drinking,2
317,drinking,2
318,drinking,2
319,drinking,2
320,drinking,2
321,drinking,2
322,drinking,2
323,drinking,2
324,drinking,2
325,drinking,2
326,drinking,2
327,drinking,2
328,drinking,2
329,drinking,2
330,drinking,2
331,drinking,2
332,drinking,2
333,drinking,2
334,drinking,2
335,drinking,2
336,drinking,2
337,drinking,2
338,drinking,2
339,drinking,2
340,drinking,2
341,drinking,2
342,drinking,2
343,drinking,2
344,drinking,2
345,drinking,2
346,drinking,2
347,drinking,2
348,drinking,2
349,drinking,2
350,drinking,2
351,drinking,2
352,drinking,2
353,drinking,2
354,drinking,2
355,drinking,2
356,drinking,2
357,drinking,2
358,drinking,2
359,drinking,2
360,drinking,2
361,drinking,2
362,drinking,2
363,drinking,2
364,drinking,2
365,drinking,2
366,drinking,2
367,drinking,2
368,drinking,2
369,drinking,2
370,drinking,2
371,drinking,2
372,drinking,2
373,drinking,2
374,drinking,2
375,drinking,2
376,drinking,2
377,drinking,2
378,drinking,2
379,drinking,2
380,drinking,2
381,drinking,2
382,drinking,2
383,drinking,2
384,drinking,2
385,drinking,2
386,drinking,2
387,drinking,2
388,drinking,2
389,drinking,2
390,drinking,2
391,drinking,2
392,drinking,2
393,drinking,2
394,drinking,2
395,drinking,2
396,drinking,2
397,drinking,2
398,drinking,2
399,drinking,2
400,drinking,2
401,drinking,2
402,drinking,2
403,drinking,2
404,drinking,2
405,drinking,2
406,drinking,2
407,drinking,2
408,drinking,2
409,drinking,2
410,drinking,2
411,drinking,2
412,drinking,2
413,drinking,2
414,drinking,2
415,drinking,2
416,drinking,2
417,drinking,2
418,drinking,2
419,drinking,2
420,drinking,2
421,drinking,2
422,drinking,2
423,drinking,2
424,drinking,2
425,drinking,2
426,drinking,2
427,drinking,2
428,drinking,2
429,drinking,2
430,drinking,2
431,drinking,2
432,drinking,2
433,drinking,2
434,drinking,2
435,drinking,2
436,drinking,2
437,drinking,2
438,drinking,2
439,drinking,2
440,drinking,2
441,drinking,2
442,drinking,2
443,drinking,2
444,drinking,2
445,drinking,2
446,drinking,2
447,drinking,2
448,drinking,2
449,drinking,2
450,drinking,2
451,drinking,2
452,drinking,2
453,drinking,2
454,drinking,2
455,drinking,2
456,drinking,2
457,drinking,2
458,drinking,2
459,drinking,2
460,drinking,2
461,drinking,2
462,drinking,2
463,drinking,2
464,drinking,2
465,drinking,2
466,drinking,2
467,drinking,2
468,drinking,2
469,drinking,2
470,drinking,2
471,drinking,2
472,drinking,2
473,drinking,2
474,drinking,2
475,drinking,2
476,drinking,2
477,drinking,2
478,drinking,2
479,drinking,2
480,drinking,2
481,drinking,2
482,drinking,2
483,drinking,2
484,drinking,2
485,drinking,2
486,drinking,2
487,drinking,2
488,drinking,2
489,drinking,2
490,drinking,2
491,drinking,2
492,drinking,2
493,drinking,2
494,drinking,2
495,drinking,2
496,drinking,2
497,drinking,2
498,drinking,2
499,drinking,2
500,drinking,2
501,drinking,2
502,drinking,2
503,drinking,2
504,drinking,2
505,drinking,2
506,drinking,2
507,drinking,2
508,drinking,2
509,drinking,2
510,drinking,2
511,drinking,2
512,drinking,2
513,drinking,2
514,drinking,2
515,drinking,2
516,drinking,2
517,drinking,2
518,drinking,2
519,drinking,2
520,drinking,2
521,drinking,2
522,drinking,2
523,drinking,2
524,drinking,2
525,drinking,2
526,drinking,2
527,drinking,2
528,drinking,2
529,drinking,2
530,drinking,2
531,drinking,2
532,drinking,2
533,drinking,2
534,drinking,2
535,drinking,2
536,drinking,2
537,drinking,2
538,drinking,2
539,drinking,2
540,drinking,2
541,drinking,2
542,drinking,2
543,drinking,2
544,drinking,2
545,drinking,2
546,drinking,2
547,drinking,2
548,drinking,2
549,drinking,2
550,drinking,2
551,drinking,2
552,drinking,2
553,drinking,2
554,drinking,2
555,none,2
556,none,2
557,none,2
558,none,2
559,none,2
560,none,2
561,none,2
562,none,2
563,none,2
564,none,2
565,none,2
566,none,2
567,none,2
568,none,2
569,none,2
570,none,2
571,none,2
572,none,2
573,none,2
574,none,2
575,none,2
576,none,2
577,none,2
578,none,2
579,none,2
580,none,2
581,none,2
582,none,2
583,none,2
1,none,3
2,none,3
3,none,3
4,none,3
5,none,3
6,none,3
7,none,3
8,none,3
9,none,3
10,none,3
11,none,3
12,none,3
13,none,3
14,none,3
15,none,3
16,none,3
17,none,3
18,none,3
19,none,3
20,none,3
21,none,3
22,none,3
23,none,3
24,none,3
25,none,3
26,none,3
27,none,3
28,none,3
29,none,3
30,none,3
31,none,3
32,none,3
33,none,3
34,none,3
35,none,3
36,none,3
37,none,3
38,none,3
39,none,3
40,none,3
41,none,3
42,none,3
43,none,3
44,none,3
45,none,3
46,none,3
47,none,3
48,none,3
49,none,3
50,none,3
51,none,3
52,none,3
53,none,3
54,none,3
55,none,3
56,none,3
57,none,3
58,none,3
59,none,3
60,none,3
61,none,3
62,none,3
63,none,3
64,none,3
65,none,3
66,none,3
67,none,3
68,none,3
69,none,3
70,none,3
71,none,3
72,none,3
73,none,3
74,none,3
75,none,3
76,none,3
77,none,3
78,none,3
79,none,3
80,none,3
81,none,3
82,none,3
83,none,3
84,none,3
85,none,3
86,none,3
87,none,3
88,none,3
89,none,3
90,none,3
91,none,3
92,none,3
93,none,3
94,none,3
95,none,3
96,none,3
97,none,3
98,none,3
99,none,3
100,none,3
101,none,3
102,none,3
103,none,3
104,none,3
105,none,3
106,none,3
107,none,3
108,none,3
109,none,3
110,none,3
111,none,3
112,none,3
113,none,3
114,none,3
115,none,3
116,none,3
117,none,3
118,none,3
119,none,3
120,none,3
121,none,3
122,none,3
123,none,3
124,none,3
125,none,3
126,none,3
127,none,3
128,none,3
129,none,3
130,none,3
131,none,3
132,none,3
133,none,3
134,none,3
135,none,3
136,none,3
137,none,3
138,none,3
139,none,3
140,none,3
141,eating,3
142,eating,3
143,eating,3
144,eating,3
145,eating,3
146,eating,3
147,eating,3
148,eating,3
149,eating,3
150,eating,3
151,eating,3
152,eating,3
153,eating,3
154,eating,3
155,eating,3
156,eating,3
157,eating,3
158,eating,3
159,eating,3
160,eating,3
161,eating,3
162,eating,3
163,eating,3
164,eating,3
165,eating,3
166,eating,3
167,eating,3
168,eating,3
169,eating,3
170,eating,3
171,eating,3
172,eating,3
173,eating,3
174,eating,3
175,eating,3
176,eating,3
177,eating,3
178,eating,3
179,eating,3
180,eating,3
181,eating,3
182,eating,3
183,eating,3
184,eating,3
185,eating,3
186,eating,3
187,eating,3
188,eating,3
189,eating,3
190,eating,3
191,eating,3
192,eating,3
193,eating,3
194,eating,3
195,eating,3
196,eating,3
197,eating,3
198,eating,3
199,eating,3
200,eating,3
201,eating,3
202,eating,3
203,eating,3
204,none,3
205,none,3
206,none,3
207,none,3
208,none,3
209,none,3
210,none,3
211,none,3
212,none,3
213,none,3
214,none,3
215,none,3
216,none,3
217,none,3
218,none,3
219,none,3
220,none,3
221,none,3
222,none,3
223,none,3
224,none,3
225,none,3
226,none,3
227,none,3
228,none,3
229,none,3
230,none,3
231,none,3
232,none,3
233,none,3
234,none,3
235,none,3
236,none,3
237,eating,3
238,eating,3
239,eating,3
240,eating,3
241,eating,3
242,eating,3
243,eating,3
244,eating,3
245,eating,3
246,eating,3
247,eating,3
248,eating,3
249,eating,3
250,eating,3
251,eating,3
252,eating,3
253,eating,3
254,eating,3
255,eating,3
256,eating,3
257,eating,3
258,eating,3
259,eating,3
260,eating,3
261,eating,3
262,eating,3
263,eating,3
264,eating,3
265,eating,3
266,eating,3
267,eating,3
268,eating,3
269,eating,3
270,eating,3
271,eating,3
272,eating,3
273,eating,3
274,eating,3
275,eating,3
276,eating,3
277,eating,3
278,eating,3
279,eating,3
280,eating,3
281,eating,3
282,eating,3
283,eating,3
284,eating,3
285,eating,3
286,eating,3
287,eating,3
288,eating,3
289,eating,3
290,eating,3
291,eating,3
292,eating,3
293,eating,3
294,eating,3
295,eating,3
296,eating,3
297,eating,3
298,eating,3
299,eating,3
300,eating,3
301,eating,3
302,eating,3
303,eating,3
304,eating,3
305,eating,3
306,eating,3
307,eating,3
308,eating,3
309,eating,3
310,eating,3
311,eating,3
312,eating,3
313,eating,3
314,eating,3
315,eating,3
316,eating,3
317,eating,3
318,eating,3
319,eating,3
320,eating,3
321,eating,3
322,eating,3
323,eating,3
324,eating,3
325,eating,3
326,eating,3
327,eating,3
328,eating,3
329,eating,3
330,eating,3
331,eating,3
332,eating,3
333,eating,3
334,eating,3
335,eating,3
336,eating,3
337,eating,3
338,eating,3
339,eating,3
340,eating,3
341,eating,3
342,eating,3
343,eating,3
344,eating,3
345,eating,3
346,eating,3
347,eating,3
348,eating,3
349,eating,3
350,eating,3
351,eating,3
352,eating,3
353,eating,3
354,eating,3
355,eating,3
356,eating,3
357,eating,3
358,eating,3
359,eating,3
360,eating,3
361,eating,3
362,eating,3
363,eating,3
364,eating,3
365,eating,3
366,eating,3
367,eating,3
368,eating,3
369,eating,3
370,eating,3
371,eating,3
372,eating,3
373,eating,3
374,eating,3
375,eating,3
376,eating,3
377,eating,3
378,eating,3
379,eating,3
380,eating,3
381,eating,3
382,eating,3
383,eating,3
384,eating,3
385,eating,3
386,eating,3
387,eating,3
388,eating,3
389,eating,3
390,eating,3
391,eating,3
392,eating,3
393,eating,3
394,eating,3
395,eating,3
396,eating,3
397,eating,3
398,eating,3
399,eating,3
400,eating,3
401,eating,3
402,eating,3
403,eating,3
404,eating,3
405,eating,3
406,eating,3
407,eating,3
408,eating,3
409,eating,3
410,eating,3
411,eating,3
412,eating,3
413,eating,3
414,eating,3
415,eating,3
416,eating,3
417,eating,3
418,eating,3
419,eating,3
420,eating,3
421,eating,3
422,eating,3
423,eating,3
424,eating,3
425,eating,3
426,eating,3
427,eating,3
428,eating,3
429,eating,3
430,eating,3
431,eating,3
432,eating,3
433,eating,3
434,eating,3
435,eating,3
436,eating,3
437,eating,3
438,eating,3
439,eating,3
440,eating,3
441,eating,3
442,eating,3
443,eating,3
444,eating,3
445,eating,3
446,eating,3
447,eating,3
448,eating,3
449,eating,3
450,eating,3
451,eating,3
452,eating,3
453,eating,3
454,eating,3
455,eating,3
456,eating,3
457,eating,3
458,eating,3
459,eating,3
460,eating,3
461,eating,3
462,eating,3
463,eating,3
464,eating,3
465,eating,3
466,eating,3
467,eating,3
468,eating,3
469,eating,3
470,eating,3
471,eating,3
472,eating,3
473,eating,3
474,eating,3
475,eating,3
476,eating,3
477,eating,3
478,eating,3
479,eating,3
480,eating,3
481,eating,3
482,eating,3
483,eating,3
484,eating,3
485,eating,3
486,eating,3
487,eating,3
488,eating,3
489,eating,3
490,eating,3
491,eating,3
492,eating,3
493,eating,3
494,eating,3
495,eating,3
496,eating,3
497,eating,3
498,eating,3
499,eating,3
500,eating,3
501,eating,3
502,eating,3
503,eating,3
504,eating,3
505,eating,3
506,eating,3
507,eating,3
508,eating,3
509,eating,3
510,eating,3
511,eating,3
512,eating,3
513,eating,3
514,eating,3
515,eating,3
516,eating,3
517,eating,3
518,eating,3
519,eating,3
520,eating,3
521,eating,3
522,eating,3
523,eating,3
524,eating,3
525,eating,3
526,eating,3
527,eating,3
528,eating,3
529,eating,3
530,eating,3
531,eating,3
532,eating,3
533,eating,3
534,eating,3
535,eating,3
536,eating,3
537,eating,3
538,eating,3
539,eating,3
540,eating,3
541,eating,3
542,eating,3
543,eating,3
544,eating,3
545,eating,3
546,eating,3
547,eating,3
548,eating,3
549,eating,3
550,eating,3
551,eating,3
552,eating,3
553,eating,3
554,eating,3
555,eating,3
556,eating,3
557,eating,3
558,eating,3
559,eating,3
560,eating,3
561,eating,3
562,eating,3
563,eating,3
564,eating,3
565,eating,3
566,eating,3
567,eating,3
568,eating,3
569,eating,3
570,eating,3
571,eating,3
572,eating,3
573,eating,3
574,eating,3
575,eating,3
576,eating,3
577,eating,3
578,eating,3
579,eating,3
580,eating,3
581,eating,3
582,eating,3
583,eating,3
584,eating,3
585,eating,3
586,eating,3
587,eating,3
588,eating,3
1,none,4
2,none,4
3,none,4
4,none,4
5,none,4
6,none,4
7,none,4
8,none,4
9,none,4
10,none,4
11,none,4
12,none,4
13,none,4
14,none,4
15,none,4
16,none,4
17,none,4
18,none,4
19,none,4
20,none,4
21,none,4
22,none,4
23,none,4
24,none,4
25,none,4
26,none,4
27,none,4
28,none,4
29,none,4
30,none,4
31,none,4
32,none,4
33,none,4
34,none,4
35,none,4
36,none,4
37,none,4
38,none,4
39,none,4
40,none,4
41,none,4
42,none,4
43,none,4
44,none,4
45,none,4
46,none,4
47,none,4
48,none,4
49,none,4
50,none,4
51,none,4
52,none,4
53,none,4
54,none,4
55,none,4
56,none,4
57,none,4
58,none,4
59,none,4
60,none,4
61,none,4
62,none,4
63,none,4
64,none,4
65,none,4
66,none,4
67,none,4
68,none,4
69,none,4
70,none,4
71,none,4
72,none,4
73,none,4
74,none,4
75,none,4
76,none,4
77,none,4
78,none,4
79,none,4
80,none,4
81,none,4
82,none,4
83,none,4
84,none,4
85,none,4
86,none,4
87,none,4
88,none,4
89,none,4
90,none,4
91,none,4
92,none,4
93,none,4
94,none,4
95,none,4
96,none,4
97,none,4
98,none,4
99,none,4
100,none,4
101,none,4
102,none,4
103,none,4
104,none,4
105,none,4
106,none,4
107,none,4
108,none,4
109,none,4
110,drinking,4
111,drinking,4
112,drinking,4
113,drinking,4
114,drinking,4
115,drinking,4
116,drinking,4
117,drinking,4
118,drinking,4
119,drinking,4
120,drinking,4
121,drinking,4
122,drinking,4
123,drinking,4
124,drinking,4
125,drinking,4
126,drinking,4
127,drinking,4
128,drinking,4
129,drinking,4
130,drinking,4
131,drinking,4
132,drinking,4
133,drinking,4
134,drinking,4
135,drinking,4
136,drinking,4
137,drinking,4
138,drinking,4
139,drinking,4
140,drinking,4
141,drinking,4
142,drinking,4
143,drinking,4
144,drinking,4
145,drinking,4
146,drinking,4
147,drinking,4
148,drinking,4
149,drinking,4
150,drinking,4
151,drinking,4
152,drinking,4
153,drinking,4
154,drinking,4
155,drinking,4
156,drinking,4
157,drinking,4
158,drinking,4
159,drinking,4
160,drinking,4
161,drinking,4
162,drinking,4
163,drinking,4
164,drinking,4
165,drinking,4
166,drinking,4
167,drinking,4
168,drinking,4
169,drinking,4
170,drinking,4
171,drinking,4
172,drinking,4
173,drinking,4
174,drinking,4
175,drinking,4
176,drinking,4
177,drinking,4
178,drinking,4
179,drinking,4
180,drinking,4
181,drinking,4
182,drinking,4
183,drinking,4
184,drinking,4
185,drinking,4
186,drinking,4
187,drinking,4
188,drinking,4
189,drinking,4
190,drinking,4
191,drinking,4
192,drinking,4
193,drinking,4
194,drinking,4
195,drinking,4
196,drinking,4
197,drinking,4
198,drinking,4
199,drinking,4
200,drinking,4
201,drinking,4
202,drinking,4
203,drinking,4
204,drinking,4
205,drinking,4
206,drinking,4
207,drinking,4
208,drinking,4
209,drinking,4
210,drinking,4
211,drinking,4
212,drinking,4
213,drinking,4
214,drinking,4
215,drinking,4
216,drinking,4
217,drinking,4
218,drinking,4
219,drinking,4
220,drinking,4
221,drinking,4
222,drinking,4
223,drinking,4
224,drinking,4
225,drinking,4
226,drinking,4
227,drinking,4
228,drinking,4
229,drinking,4
230,drinking,4
231,drinking,4
232,drinking,4
233,drinking,4
234,drinking,4
235,drinking,4
236,drinking,4
237,drinking,4
238,drinking,4
239,drinking,4
240,drinking,4
241,drinking,4
242,drinking,4
243,drinking,4
244,drinking,4
245,drinking,4
246,drinking,4
247,drinking,4
248,drinking,4
249,drinking,4
250,drinking,4
251,drinking,4
252,drinking,4
253,drinking,4
254,drinking,4
255,drinking,4
256,drinking,4
257,drinking,4
258,drinking,4
259,drinking,4
260,drinking,4
261,drinking,4
262,drinking,4
263,drinking,4
264,drinking,4
265,drinking,4
266,drinking,4
267,drinking,4
268,drinking,4
269,drinking,4
270,drinking,4
271,drinking,4
272,drinking,4
273,drinking,4
274,drinking,4
275,drinking,4
276,drinking,4
277,drinking,4
278,drinking,4
279,drinking,4
280,drinking,4
281,drinking,4
282,drinking,4
283,drinking,4
284,drinking,4
285,drinking,4
286,drinking,4
287,drinking,4
288,drinking,4
289,drinking,4
290,drinking,4
291,drinking,4
292,drinking,4
293,drinking,4
294,drinking,4
295,drinking,4
296,drinking,4
297,drinking,4
298,drinking,4
299,drinking,4
300,drinking,4
301,drinking,4
302,drinking,4
303,drinking,4
304,drinking,4
305,drinking,4
306,drinking,4
307,drinking,4
308,drinking,4
309,drinking,4
310,drinking,4
311,drinking,4
312,drinking,4
313,drinking,4
314,drinking,4
315,drinking,4
316,drinking,4
317,drinking,4
318,drinking,4
319,drinking,4
320,drinking,4
321,drinking,4
322,drinking,4
323,drinking,4
324,drinking,4
325,drinking,4
326,drinking,4
327,drinking,4
328,drinking,4
329,drinking,4
330,drinking,4
331,drinking,4
332,drinking,4
333,drinking,4
334,drinking,4
335,drinking,4
336,drinking,4
337,drinking,4
338,drinking,4
339,drinking,4
340,drinking,4
341,drinking,4
342,drinking,4
343,drinking,4
344,drinking,4
345,drinking,4
346,drinking,4
347,drinking,4
348,drinking,4
349,drinking,4
350,drinking,4
351,drinking,4
352,drinking,4
353,drinking,4
354,drinking,4
355,drinking,4
356,drinking,4
357,drinking,4
358,drinking,4
359,drinking,4
360,drinking,4
361,drinking,4
362,drinking,4
363,drinking,4
364,drinking,4
365,drinking,4
366,drinking,4
367,drinking,4
368,drinking,4
369,drinking,4
370,drinking,4
371,drinking,4
372,drinking,4
373,drinking,4
374,drinking,4
375,drinking,4
376,drinking,4
377,drinking,4
378,drinking,4
379,drinking,4
380,drinking,4
381,drinking,4
382,drinking,4
383,drinking,4
384,drinking,4
385,drinking,4
386,drinking,4
387,drinking,4
388,drinking,4
389,drinking,4
390,drinking,4
391,drinking,4
392,drinking,4
393,drinking,4
394,drinking,4
395,drinking,4
396,drinking,4
397,drinking,4
398,drinking,4
399,drinking,4
400,drinking,4
401,drinking,4
402,drinking,4
403,drinking,4
404,drinking,4
405,drinking,4
406,drinking,4
407,drinking,4
408,drinking,4
409,drinking,4
410,drinking,4
411,drinking,4
412,drinking,4
413,drinking,4
414,drinking,4
415,drinking,4
416,drinking,4
417,drinking,4
418,drinking,4
419,drinking,4
420,drinking,4
421,drinking,4
422,drinking,4
423,drinking,4
424,drinking,4
425,drinking,4
426,drinking,4
427,drinking,4
428,drinking,4
429,drinking,4
430,drinking,4
431,drinking,4
432,drinking,4
433,drinking,4
434,drinking,4
435,drinking,4
436,drinking,4
437,drinking,4
438,drinking,4
439,drinking,4
440,drinking,4
441,drinking,4
442,drinking,4
443,drinking,4
444,drinking,4
445,drinking,4
446,drinking,4
447,drinking,4
448,drinking,4
449,drinking,4
450,drinking,4
451,drinking,4
452,drinking,4
453,drinking,4
454,drinking,4
455,drinking,4
456,drinking,4
457,drinking,4
458,drinking,4
459,drinking,4
460,drinking,4
461,drinking,4
462,drinking,4
463,drinking,4
464,drinking,4
465,drinking,4
466,drinking,4
467,drinking,4
468,drinking,4
469,drinking,4
470,drinking,4
471,drinking,4
472,drinking,4
473,drinking,4
474,drinking,4
475,drinking,4
476,drinking,4
477,drinking,4
478,drinking,4
479,drinking,4
480,drinking,4
481,drinking,4
482,drinking,4
483,drinking,4
484,drinking,4
485,drinking,4
486,drinking,4
487,drinking,4
488,drinking,4
489,drinking,4
490,drinking,4
491,drinking,4
492,drinking,4
493,drinking,4
494,drinking,4
495,drinking,4
496,drinking,4
497,drinking,4
498,drinking,4
499,drinking,4
500,drinking,4
501,drinking,4
502,drinking,4
503,drinking,4
504,drinking,4
505,drinking,4
506,drinking,4
507,drinking,4
508,drinking,4
509,drinking,4
510,drinking,4
511,drinking,4
512,drinking,4
513,drinking,4
514,drinking,4
515,drinking,4
516,drinking,4
517,drinking,4
518,drinking,4
519,drinking,4
520,drinking,4
521,drinking,4
522,drinking,4
523,drinking,4
524,drinking,4
525,drinking,4
526,drinking,4
527,drinking,4
528,drinking,4
529,drinking,4
530,drinking,4
531,drinking,4
532,drinking,4
533,drinking,4
534,drinking,4
535,drinking,4
536,drinking,4
537,drinking,4
538,drinking,4
539,drinking,4
540,drinking,4
541,drinking,4
542,drinking,4
543,drinking,4
544,drinking,4
545,drinking,4
546,drinking,4
547,drinking,4
548,drinking,4
549,drinking,4
550,drinking,4
551,drinking,4
552,drinking,4
553,drinking,4
554,drinking,4
555,drinking,4
556,drinking,4
557,drinking,4
558,drinking,4
559,drinking,4
560,drinking,4
561,drinking,4
562,drinking,4
563,drinking,4
564,drinking,4
565,drinking,4
566,drinking,4
567,drinking,4
568,drinking,4
569,drinking,4
570,drinking,4
571,drinking,4
572,drinking,4
573,drinking,4
574,drinking,4
575,drinking,4
576,drinking,4
577,drinking,4
578,drinking,4
579,drinking,4
580,drinking,4
581,drinking,4
582,drinking,4
583,drinking,4
584,drinking,4
1,none,5
2,none,5
3,none,5
4,none,5
5,none,5
6,none,5
7,none,5
8,none,5
9,none,5
10,none,5
11,none,5
12,none,5
13,none,5
14,none,5
15,none,5
16,none,5
17,none,5
18,none,5
19,none,5
20,none,5
21,none,5
22,none,5
23,none,5
24,none,5
25,none,5
26,none,5
27,none,5
28,none,5
29,none,5
30,none,5
31,none,5
32,none,5
33,none,5
34,none,5
35,none,5
36,none,5
37,none,5
38,none,5
39,none,5
40,none,5
41,none,5
42,none,5
43,none,5
44,none,5
45,none,5
46,none,5
47,none,5
48,none,5
49,none,5
50,none,5
51,none,5
52,none,5
53,none,5
54,none,5
55,none,5
56,none,5
57,drinking,5
58,drinking,5
59,drinking,5
60,drinking,5
61,drinking,5
62,drinking,5
63,drinking,5
64,drinking,5
65,drinking,5
66,drinking,5
67,drinking,5
68,drinking,5
69,drinking,5
70,drinking,5
71,drinking,5
72,drinking,5
73,drinking,5
74,drinking,5
75,drinking,5
76,drinking,5
77,drinking,5
78,drinking,5
79,drinking,5
80,drinking,5
81,none,5
82,none,5
83,none,5
84,none,5
85,none,5
86,none,5
87,none,5
88,none,5
89,none,5
90,none,5
91,none,5
92,none,5
93,none,5
94,none,5
95,none,5
96,none,5
97,none,5
98,none,5
99,none,5
100,none,5
101,none,5
102,none,5
103,none,5
104,none,5
105,none,5
106,none,5
107,none,5
108,drinking,5
109,drinking,5
110,drinking,5
111,drinking,5
112,drinking,5
113,drinking,5
114,drinking,5
115,drinking,5
116,drinking,5
117,drinking,5
118,drinking,5
119,drinking,5
120,drinking,5
121,drinking,5
122,drinking,5
123,drinking,5
124,drinking,5
125,drinking,5
126,drinking,5
127,drinking,5
128,drinking,5
129,drinking,5
130,drinking,5
131,drinking,5
132,drinking,5
133,drinking,5
134,drinking,5
135,drinking,5
136,drinking,5
137,drinking,5
138,drinking,5
139,drinking,5
140,drinking,5
141,drinking,5
142,drinking,5
143,drinking,5
144,drinking,5
145,drinking,5
146,drinking,5
147,drinking,5
148,drinking,5
149,drinking,5
150,drinking,5
151,drinking,5
152,drinking,5
153,drinking,5
154,drinking,5
155,drinking,5
156,drinking,5
157,drinking,5
158,drinking,5
159,drinking,5
160,drinking,5
161,drinking,5
162,drinking,5
163,drinking,5
164,drinking,5
165,drinking,5
166,drinking,5
167,drinking,5
168,drinking,5
169,drinking,5
170,drinking,5
171,drinking,5
172,drinking,5
173,drinking,5
174,drinking,5
175,drinking,5
176,drinking,5
177,drinking,5
178,drinking,5
179,drinking,5
180,drinking,5
181,drinking,5
182,drinking,5
183,drinking,5
184,drinking,5
185,drinking,5
186,drinking,5
187,drinking,5
188,drinking,5
189,drinking,5
190,drinking,5
191,drinking,5
192,drinking,5
193,drinking,5
194,drinking,5
195,drinking,5
196,drinking,5
197,drinking,5
198,drinking,5
199,drinking,5
200,drinking,5
201,drinking,5
202,drinking,5
203,drinking,5
204,drinking,5
205,drinking,5
206,drinking,5
207,drinking,5
208,drinking,5
209,drinking,5
210,drinking,5
211,drinking,5
212,drinking,5
213,drinking,5
214,drinking,5
215,drinking,5
216,drinking,5
217,drinking,5
218,drinking,5
219,drinking,5
220,drinking,5
221,drinking,5
222,drinking,5
223,drinking,5
224,drinking,5
225,drinking,5
226,drinking,5
227,drinking,5
228,drinking,5
229,drinking,5
230,drinking,5
231,drinking,5
232,drinking,5
233,drinking,5
234,drinking,5
235,drinking,5
236,drinking,5
237,drinking,5
238,drinking,5
239,drinking,5
240,drinking,5
241,drinking,5
242,drinking,5
243,drinking,5
244,drinking,5
245,drinking,5
246,drinking,5
247,drinking,5
248,drinking,5
249,drinking,5
250,drinking,5
251,drinking,5
252,drinking,5
253,drinking,5
254,drinking,5
255,drinking,5
256,drinking,5
257,drinking,5
258,drinking,5
259,drinking,5
260,drinking,5
261,drinking,5
262,drinking,5
263,drinking,5
264,drinking,5
265,drinking,5
266,drinking,5
267,drinking,5
268,drinking,5
269,drinking,5
270,drinking,5
271,drinking,5
272,drinking,5
273,drinking,5
274,drinking,5
275,drinking,5
276,drinking,5
277,drinking,5
278,drinking,5
279,drinking,5
280,drinking,5
281,drinking,5
282,drinking,5
283,drinking,5
284,drinking,5
285,drinking,5
286,drinking,5
287,drinking,5
288,drinking,5
289,drinking,5
290,drinking,5
291,drinking,5
292,drinking,5
293,drinking,5
294,drinking,5
295,drinking,5
296,drinking,5
297,drinking,5
298,drinking,5
299,drinking,5
300,drinking,5
301,drinking,5
302,drinking,5
303,drinking,5
304,drinking,5
305,drinking,5
306,drinking,5
307,drinking,5
308,drinking,5
309,drinking,5
310,drinking,5
311,drinking,5
312,drinking,5
313,drinking,5
314,drinking,5
315,drinking,5
316,drinking,5
317,drinking,5
318,drinking,5
319,drinking,5
320,drinking,5
321,drinking,5
322,drinking,5
323,drinking,5
324,drinking,5
325,drinking,5
326,drinking,5
327,drinking,5
328,drinking,5
329,drinking,5
330,drinking,5
331,drinking,5
332,drinking,5
333,drinking,5
334,drinking,5
335,drinking,5
336,drinking,5
337,drinking,5
338,drinking,5
339,drinking,5
340,drinking,5
341,drinking,5
342,drinking,5
343,drinking,5
344,drinking,5
345,drinking,5
346,drinking,5
347,drinking,5
348,drinking,5
349,drinking,5
350,drinking,5
351,drinking,5
352,drinking,5
353,drinking,5
354,drinking,5
355,drinking,5
356,drinking,5
357,drinking,5
358,drinking,5
359,drinking,5
360,drinking,5
361,drinking,5
362,drinking,5
363,drinking,5
364,drinking,5
365,drinking,5
366,drinking,5
367,drinking,5
368,drinking,5
369,drinking,5
370,drinking,5
371,drinking,5
372,drinking,5
373,drinking,5
374,drinking,5
375,drinking,5
376,drinking,5
377,drinking,5
378,drinking,5
379,drinking,5
380,drinking,5
381,drinking,5
382,drinking,5
383,drinking,5
384,drinking,5
385,drinking,5
386,drinking,5
387,drinking,5
388,drinking,5
389,drinking,5
390,drinking,5
391,drinking,5
392,drinking,5
393,drinking,5
394,drinking,5
395,drinking,5
396,drinking,5
397,drinking,5
398,drinking,5
399,drinking,5
400,drinking,5
401,drinking,5
402,drinking,5
403,drinking,5
404,drinking,5
405,drinking,5
406,drinking,5
407,drinking,5
408,drinking,5
409,drinking,5
410,drinking,5
411,drinking,5
412,drinking,5
413,drinking,5
414,drinking,5
415,drinking,5
416,drinking,5
417,drinking,5
418,drinking,5
419,drinking,5
420,drinking,5
421,drinking,5
422,drinking,5
423,drinking,5
424,drinking,5
425,drinking,5
426,drinking,5
427,drinking,5
428,drinking,5
429,drinking,5
430,drinking,5
431,drinking,5
432,drinking,5
433,drinking,5
434,drinking,5
435,drinking,5
436,drinking,5
437,drinking,5
438,drinking,5
439,drinking,5
440,drinking,5
441,drinking,5
442,drinking,5
443,drinking,5
444,drinking,5
445,drinking,5
446,drinking,5
447,drinking,5
448,drinking,5
449,drinking,5
450,drinking,5
451,drinking,5
452,drinking,5
453,drinking,5
454,drinking,5
455,drinking,5
456,drinking,5
457,drinking,5
458,drinking,5
459,drinking,5
460,drinking,5
461,drinking,5
462,drinking,5
463,drinking,5
464,drinking,5
465,drinking,5
466,drinking,5
467,drinking,5
468,drinking,5
469,drinking,5
470,drinking,5
471,drinking,5
472,drinking,5
473,drinking,5
474,drinking,5
475,drinking,5
476,drinking,5
477,drinking,5
478,drinking,5
479,drinking,5
480,drinking,5
481,drinking,5
482,drinking,5
483,drinking,5
484,drinking,5
485,drinking,5
486,drinking,5
487,drinking,5
488,drinking,5
489,drinking,5
490,drinking,5
491,drinking,5
492,drinking,5
493,drinking,5
494,drinking,5
495,drinking,5
496,drinking,5
497,drinking,5
498,drinking,5
499,drinking,5
500,drinking,5
501,drinking,5
502,drinking,5
503,drinking,5
504,drinking,5
505,drinking,5
506,drinking,5
507,drinking,5
508,drinking,5
509,drinking,5
510,drinking,5
511,drinking,5
512,drinking,5
513,drinking,5
514,drinking,5
515,drinking,5
516,drinking,5
517,drinking,5
518,drinking,5
519,drinking,5
520,drinking,5
521,drinking,5
522,drinking,5
523,drinking,5
524,drinking,5
525,drinking,5
526,drinking,5
527,drinking,5
528,drinking,5
529,drinking,5
530,drinking,5
531,drinking,5
532,drinking,5
533,drinking,5
534,drinking,5
535,drinking,5
536,drinking,5
537,drinking,5
538,drinking,5
539,drinking,5
540,drinking,5
541,drinking,5
542,drinking,5
543,drinking,5
544,drinking,5
545,drinking,5
546,drinking,5
547,drinking,5
548,drinking,5
549,drinking,5
550,drinking,5
551,drinking,5
552,drinking,5
553,drinking,5
554,drinking,5
555,drinking,5
556,drinking,5
557,drinking,5
558,drinking,5
559,drinking,5
560,drinking,5
561,drinking,5
562,drinking,5
563,drinking,5
564,drinking,5
565,drinking,5
566,drinking,5
567,drinking,5
568,drinking,5
569,drinking,5
570,drinking,5
571,drinking,5
572,drinking,5
573,drinking,5
574,drinking,5
575,drinking,5
576,drinking,5
577,drinking,5
578,drinking,5
579,drinking,5
580,drinking,5
581,drinking,5
582,drinking,5
583,drinking,5
584,drinking,5
585,drinking,5
1,none,6
2,none,6
3,none,6
4,none,6
5,none,6
6,none,6
7,none,6
8,none,6
9,none,6
10,none,6
11,none,6
12,none,6
13,none,6
14,none,6
15,none,6
16,none,6
17,none,6
18,none,6
19,none,6
20,none,6
21,none,6
22,none,6
23,none,6
24,none,6
25,none,6
26,none,6
27,none,6
28,none,6
29,none,6
30,none,6
31,none,6
32,none,6
33,none,6
34,none,6
35,none,6
36,none,6
37,none,6
38,none,6
39,none,6
40,none,6
41,none,6
42,none,6
43,none,6
44,none,6
45,none,6
46,none,6
47,none,6
48,none,6
49,none,6
50,none,6
51,none,6
52,none,6
53,none,6
54,none,6
55,none,6
56,none,6
57,none,6
58,none,6
59,none,6
60,none,6
61,none,6
62,none,6
63,none,6
64,none,6
65,none,6
66,none,6
67,none,6
68,none,6
69,none,6
70,none,6
71,none,6
72,none,6
73,none,6
74,none,6
75,none,6
76,none,6
77,none,6
78,none,6
79,none,6
80,none,6
81,none,6
82,none,6
83,none,6
84,none,6
85,none,6
86,none,6
87,none,6
88,none,6
89,none,6
90,none,6
91,none,6
92,none,6
93,none,6
94,none,6
95,none,6
96,none,6
97,none,6
98,none,6
99,none,6
100,none,6
101,none,6
102,none,6
103,none,6
104,none,6
105,none,6
106,none,6
107,none,6
108,none,6
109,none,6
110,none,6
111,none,6
112,none,6
113,none,6
114,none,6
115,none,6
116,none,6
117,none,6
118,none,6
119,none,6
120,none,6
121,none,6
122,none,6
123,none,6
124,none,6
125,none,6
126,none,6
127,none,6
128,none,6
129,none,6
130,none,6
131,none,6
132,none,6
133,none,6
134,none,6
135,none,6
136,none,6
137,none,6
138,none,6
139,none,6
140,none,6
141,none,6
142,none,6
143,none,6
144,none,6
145,none,6
146,none,6
147,none,6
148,none,6
149,none,6
150,none,6
151,none,6
152,none,6
153,none,6
154,none,6
155,none,6
156,none,6
157,none,6
158,none,6
159,none,6
160,none,6
161,none,6
162,none,6
163,none,6
164,none,6
165,none,6
166,none,6
167,none,6
168,none,6
169,none,6
170,none,6
171,none,6
172,none,6
173,none,6
174,none,6
175,none,6
176,none,6
177,none,6
178,none,6
179,none,6
180,none,6
181,none,6
182,none,6
183,none,6
184,none,6
185,none,6
186,none,6
187,none,6
188,none,6
189,none,6
190,none,6
191,none,6
192,none,6
193,none,6
194,none,6
195,none,6
196,none,6
197,none,6
198,none,6
199,none,6
200,none,6
201,none,6
202,none,6
203,none,6
204,none,6
205,none,6
206,none,6
207,none,6
208,none,6
209,none,6
210,none,6
211,none,6
212,none,6
213,none,6
214,none,6
215,none,6
216,none,6
217,none,6
218,none,6
219,none,6
220,none,6
221,none,6
222,none,6
223,none,6
224,none,6
225,none,6
226,none,6
227,none,6
228,none,6
229,none,6
230,none,6
231,none,6
232,none,6
233,none,6
234,none,6
235,none,6
236,none,6
237,none,6
238,none,6
239,none,6
240,none,6
241,none,6
242,none,6
243,none,6
244,none,6
245,none,6
246,none,6
247,none,6
248,none,6
249,none,6
250,none,6
251,none,6
252,none,6
253,none,6
254,none,6
255,none,6
256,none,6
257,none,6
258,none,6
259,none,6
260,none,6
261,none,6
262,none,6
263,none,6
264,none,6
265,none,6
266,none,6
267,none,6
268,none,6
269,none,6
270,none,6
271,none,6
272,none,6
273,none,6
274,none,6
275,none,6
276,none,6
277,none,6
278,none,6
279,none,6
280,none,6
281,none,6
282,none,6
283,none,6
284,none,6
285,none,6
286,none,6
287,none,6
288,none,6
289,none,6
290,none,6
291,none,6
292,none,6
293,none,6
294,none,6
295,none,6
296,none,6
297,none,6
298,none,6
299,none,6
300,none,6
301,none,6
302,none,6
303,none,6
304,none,6
305,none,6
306,none,6
307,none,6
308,none,6
309,none,6
310,none,6
311,none,6
312,none,6
313,none,6
314,none,6
315,none,6
316,none,6
317,none,6
318,none,6
319,none,6
320,none,6
321,none,6
322,none,6
323,none,6
324,none,6
325,none,6
326,none,6
327,none,6
328,none,6
329,none,6
330,none,6
331,none,6
332,none,6
333,none,6
334,none,6
335,none,6
336,none,6
337,none,6
338,none,6
339,none,6
340,none,6
341,none,6
342,none,6
343,none,6
344,none,6
345,none,6
346,none,6
347,none,6
348,none,6
349,none,6
350,none,6
351,none,6
352,none,6
353,none,6
354,none,6
355,none,6
356,none,6
357,none,6
358,none,6
359,none,6
360,none,6
361,none,6
362,none,6
363,none,6
364,none,6
365,none,6
366,none,6
367,none,6
368,none,6
369,none,6
370,none,6
371,none,6
372,none,6
373,none,6
374,none,6
375,none,6
376,none,6
377,none,6
378,none,6
379,none,6
380,none,6
381,none,6
382,none,6
383,none,6
384,none,6
385,none,6
386,none,6
387,none,6
388,none,6
389,none,6
390,none,6
391,none,6
392,none,6
393,none,6
394,none,6
395,none,6
396,none,6
397,none,6
398,none,6
399,none,6
400,none,6
401,none,6
402,none,6
403,none,6
404,none,6
405,none,6
406,none,6
407,none,6
408,none,6
409,none,6
410,none,6
411,none,6
412,none,6
413,none,6
414,none,6
415,none,6
416,none,6
417,none,6
418,none,6
419,none,6
420,none,6
421,none,6
422,none,6
423,none,6
424,none,6
425,none,6
426,none,6
427,none,6
428,none,6
429,none,6
430,none,6
431,none,6
432,none,6
433,none,6
434,none,6
435,none,6
436,none,6
437,none,6
438,none,6
439,none,6
440,none,6
441,none,6
442,none,6
443,none,6
444,none,6
445,none,6
446,none,6
447,none,6
448,none,6
449,none,6
450,none,6
451,none,6
452,none,6
453,none,6
454,none,6
455,none,6
456,none,6
457,none,6
458,none,6
459,none,6
460,none,6
461,none,6
462,none,6
463,none,6
464,none,6
465,none,6
466,none,6
467,none,6
468,none,6
469,none,6
470,none,6
471,none,6
472,none,6
473,none,6
474,none,6
475,none,6
476,none,6
477,none,6
478,none,6
479,none,6
480,none,6
481,none,6
482,none,6
483,none,6
484,none,6
485,none,6
486,none,6
487,none,6
488,none,6
489,none,6
490,none,6
491,none,6
492,none,6
493,none,6
494,none,6
495,none,6
496,none,6
497,none,6
498,none,6
499,none,6
500,none,6
501,none,6
502,none,6
503,none,6
504,none,6
505,none,6
506,none,6
507,none,6
508,none,6
509,none,6
510,none,6
511,none,6
512,none,6
513,none,6
514,none,6
515,none,6
516,none,6
517,none,6
518,none,6
519,none,6
520,none,6
521,none,6
522,none,6
523,none,6
524,none,6
525,none,6
526,none,6
527,none,6
528,none,6
529,none,6
530,none,6
531,none,6
532,none,6
533,none,6
534,none,6
535,none,6
536,none,6
537,none,6
538,none,6
539,none,6
540,none,6
541,none,6
542,none,6
543,none,6
544,none,6
545,none,6
546,none,6
547,none,6
548,none,6
549,none,6
550,none,6
551,none,6
552,none,6
553,none,6
554,none,6
555,none,6
556,none,6
557,none,6
558,none,6
559,none,6
560,none,6
561,none,6
562,none,6
563,none,6
564,none,6
565,none,6
566,none,6
567,none,6
568,none,6
569,none,6
570,none,6
571,none,6
572,none,6
573,none,6
574,none,6
575,none,6
576,none,6
577,none,6
578,none,6
579,none,6
580,none,6
581,none,6
582,none,6
583,none,6
1,none,7
2,none,7
3,none,7
4,none,7
5,none,7
6,none,7
7,none,7
8,none,7
9,none,7
10,none,7
11,none,7
12,none,7
13,none,7
14,none,7
15,none,7
16,none,7
17,none,7
18,none,7
19,none,7
20,none,7
21,none,7
22,none,7
23,none,7
24,none,7
25,none,7
26,none,7
27,none,7
28,none,7
29,none,7
30,none,7
31,none,7
32,none,7
33,none,7
34,none,7
35,none,7
36,none,7
37,none,7
38,none,7
39,none,7
40,none,7
41,none,7
42,none,7
43,none,7
44,none,7
45,none,7
46,none,7
47,none,7
48,none,7
49,none,7
50,none,7
51,none,7
52,none,7
53,none,7
54,none,7
55,none,7
56,none,7
57,none,7
58,none,7
59,none,7
60,none,7
61,none,7
62,none,7
63,none,7
64,none,7
65,none,7
66,none,7
67,none,7
68,none,7
69,none,7
70,none,7
71,none,7
72,none,7
73,none,7
74,none,7
75,none,7
76,none,7
77,none,7
78,none,7
79,none,7
80,none,7
81,none,7
82,none,7
83,none,7
84,none,7
85,none,7
86,none,7
87,none,7
88,none,7
89,none,7
90,none,7
91,none,7
92,none,7
93,none,7
94,none,7
95,none,7
96,none,7
97,none,7
98,none,7
99,none,7
100,none,7
101,none,7
102,none,7
103,none,7
104,none,7
105,none,7
106,none,7
107,none,7
108,none,7
109,none,7
110,none,7
111,none,7
112,none,7
113,none,7
114,none,7
115,none,7
116,none,7
117,none,7
118,none,7
119,none,7
120,none,7
121,none,7
122,none,7
123,none,7
124,none,7
125,none,7
126,none,7
127,none,7
128,none,7
129,none,7
130,none,7
131,none,7
132,none,7
133,none,7
134,none,7
135,none,7
136,none,7
137,none,7
138,eating,7
139,eating,7
140,eating,7
141,eating,7
142,eating,7
143,eating,7
144,eating,7
145,eating,7
146,eating,7
147,eating,7
148,eating,7
149,eating,7
150,eating,7
151,eating,7
152,eating,7
153,eating,7
154,eating,7
155,eating,7
156,eating,7
157,eating,7
158,eating,7
159,eating,7
160,eating,7
161,eating,7
162,eating,7
163,eating,7
164,eating,7
165,eating,7
166,eating,7
167,eating,7
168,eating,7
169,eating,7
170,eating,7
171,eating,7
172,eating,7
173,eating,7
174,eating,7
175,eating,7
176,eating,7
177,eating,7
178,eating,7
179,eating,7
180,eating,7
181,eating,7
182,eating,7
183,eating,7
184,eating,7
185,eating,7
186,eating,7
187,eating,7
188,eating,7
189,eating,7
190,eating,7
191,eating,7
192,eating,7
193,eating,7
194,eating,7
195,eating,7
196,eating,7
197,eating,7
198,eating,7
199,eating,7
200,eating,7
201,eating,7
202,eating,7
203,eating,7
204,eating,7
205,eating,7
206,eating,7
207,eating,7
208,eating,7
209,eating,7
210,eating,7
211,eating,7
212,eating,7
213,eating,7
214,eating,7
215,eating,7
216,eating,7
217,eating,7
218,eating,7
219,eating,7
220,eating,7
221,eating,7
222,eating,7
223,eating,7
224,eating,7
225,eating,7
226,eating,7
227,eating,7
228,eating,7
229,eating,7
230,eating,7
231,eating,7
232,eating,7
233,eating,7
234,eating,7
235,eating,7
236,eating,7
237,eating,7
238,eating,7
239,eating,7
240,eating,7
241,eating,7
242,eating,7
243,eating,7
244,eating,7
245,eating,7
246,eating,7
247,eating,7
248,eating,7
249,eating,7
250,eating,7
251,eating,7
252,eating,7
253,eating,7
254,eating,7
255,eating,7
256,eating,7
257,eating,7
258,eating,7
259,eating,7
260,eating,7
261,eating,7
262,eating,7
263,eating,7
264,eating,7
265,eating,7
266,eating,7
267,eating,7
268,eating,7
269,eating,7
270,eating,7
271,eating,7
272,eating,7
273,eating,7
274,eating,7
275,eating,7
276,eating,7
277,eating,7
278,eating,7
279,eating,7
280,eating,7
281,eating,7
282,eating,7
283,eating,7
284,eating,7
285,eating,7
286,eating,7
287,eating,7
288,eating,7
289,eating,7
290,eating,7
291,eating,7
292,eating,7
293,eating,7
294,eating,7
295,eating,7
296,eating,7
297,eating,7
298,eating,7
299,eating,7
300,eating,7
301,eating,7
302,eating,7
303,eating,7
304,eating,7
305,eating,7
306,eating,7
307,eating,7
308,eating,7
309,eating,7
310,eating,7
311,eating,7
312,eating,7
313,eating,7
314,eating,7
315,eating,7
316,eating,7
317,eating,7
318,eating,7
319,eating,7
320,eating,7
321,eating,7
322,eating,7
323,eating,7
324,eating,7
325,eating,7
326,eating,7
327,eating,7
328,eating,7
329,eating,7
330,eating,7
331,eating,7
332,eating,7
333,eating,7
334,eating,7
335,eating,7
336,eating,7
337,eating,7
338,eating,7
339,eating,7
340,eating,7
341,eating,7
342,eating,7
343,eating,7
344,eating,7
345,eating,7
346,eating,7
347,eating,7
348,eating,7
349,eating,7
350,eating,7
351,eating,7
352,eating,7
353,eating,7
354,eating,7
355,eating,7
356,eating,7
357,eating,7
358,eating,7
359,eating,7
360,eating,7
361,eating,7
362,eating,7
363,eating,7
364,eating,7
365,eating,7
366,eating,7
367,eating,7
368,eating,7
369,eating,7
370,eating,7
371,eating,7
372,eating,7
373,eating,7
374,eating,7
375,eating,7
376,eating,7
377,eating,7
378,eating,7
379,eating,7
380,eating,7
381,eating,7
382,eating,7
383,eating,7
384,eating,7
385,eating,7
386,eating,7
387,eating,7
388,eating,7
389,eating,7
390,eating,7
391,eating,7
392,eating,7
393,eating,7
394,eating,7
395,eating,7
396,eating,7
397,eating,7
398,eating,7
399,eating,7
400,eating,7
401,eating,7
402,eating,7
403,eating,7
404,eating,7
405,eating,7
406,eating,7
407,eating,7
408,eating,7
409,eating,7
410,eating,7
411,eating,7
412,eating,7
413,eating,7
414,eating,7
415,eating,7
416,eating,7
417,eating,7
418,eating,7
419,eating,7
420,eating,7
421,eating,7
422,eating,7
423,eating,7
424,eating,7
425,eating,7
426,eating,7
427,eating,7
428,eating,7
429,eating,7
430,eating,7
431,eating,7
432,eating,7
433,eating,7
434,eating,7
435,eating,7
436,eating,7
437,eating,7
438,eating,7
439,eating,7
440,eating,7
441,eating,7
442,eating,7
443,eating,7
444,eating,7
445,eating,7
446,eating,7
447,eating,7
448,eating,7
449,eating,7
450,eating,7
451,eating,7
452,eating,7
453,eating,7
454,eating,7
455,eating,7
456,eating,7
457,eating,7
458,eating,7
459,eating,7
460,eating,7
461,eating,7
462,eating,7
463,eating,7
464,eating,7
465,eating,7
466,eating,7
467,eating,7
468,eating,7
469,eating,7
470,eating,7
471,eating,7
472,eating,7
473,eating,7
474,eating,7
475,eating,7
476,eating,7
477,eating,7
478,eating,7
479,eating,7
480,eating,7
481,eating,7
482,eating,7
483,eating,7
484,eating,7
485,eating,7
486,eating,7
487,eating,7
488,eating,7
489,eating,7
490,eating,7
491,eating,7
492,eating,7
493,eating,7
494,eating,7
495,eating,7
496,eating,7
497,eating,7
498,eating,7
499,eating,7
500,eating,7
501,eating,7
502,eating,7
503,eating,7
504,eating,7
505,eating,7
506,eating,7
507,eating,7
508,eating,7
509,eating,7
510,eating,7
511,eating,7
512,eating,7
513,eating,7
514,eating,7
515,eating,7
516,eating,7
517,eating,7
518,eating,7
519,eating,7
520,eating,7
521,eating,7
522,eating,7
523,eating,7
524,none,7
525,none,7
526,none,7
527,none,7
528,none,7
529,none,7
530,none,7
531,none,7
532,none,7
533,none,7
534,none,7
535,none,7
536,none,7
537,none,7
538,none,7
539,none,7
540,none,7
541,none,7
542,none,7
543,none,7
544,none,7
545,none,7
546,none,7
547,none,7
548,none,7
549,none,7
550,none,7
551,none,7
552,none,7
553,none,7
554,none,7
555,none,7
556,none,7
557,none,7
558,none,7
559,none,7
560,none,7
561,none,7
562,none,7
563,none,7
564,none,7
565,none,7
566,none,7
567,none,7
568,none,7
569,none,7
570,none,7
571,eating,7
572,eating,7
573,eating,7
574,eating,7
575,eating,7
576,eating,7
577,eating,7
578,eating,7
579,eating,7
580,eating,7
581,eating,7
582,eating,7
583,eating,7
584,eating,7
585,eating,7
586,eating,7
587,eating,7
588,eating,7
1,none,8
2,none,8
3,none,8
4,none,8
5,none,8
6,none,8
7,none,8
8,none,8
9,none,8
10,none,8
11,none,8
12,none,8
13,none,8
14,none,8
15,none,8
16,none,8
17,none,8
18,none,8
19,none,8
20,none,8
21,none,8
22,none,8
23,none,8
24,none,8
25,none,8
26,none,8
27,none,8
28,none,8
29,none,8
30,none,8
31,none,8
32,none,8
33,none,8
34,none,8
35,none,8
36,none,8
37,none,8
38,none,8
39,none,8
40,none,8
41,none,8
42,none,8
43,none,8
44,none,8
45,none,8
46,none,8
47,none,8
48,none,8
49,none,8
50,none,8
51,none,8
52,none,8
53,none,8
54,none,8
55,none,8
56,none,8
57,none,8
58,none,8
59,none,8
60,none,8
61,none,8
62,none,8
63,none,8
64,none,8
65,none,8
66,none,8
67,none,8
68,none,8
69,none,8
70,none,8
71,none,8
72,none,8
73,none,8
74,none,8
75,none,8
76,none,8
77,none,8
78,none,8
79,none,8
80,none,8
81,none,8
82,none,8
83,none,8
84,none,8
85,none,8
86,none,8
87,none,8
88,none,8
89,none,8
90,none,8
91,none,8
92,none,8
93,none,8
94,none,8
95,none,8
96,none,8
97,none,8
98,none,8
99,none,8
100,none,8
101,none,8
102,none,8
103,none,8
104,none,8
105,none,8
106,none,8
107,none,8
108,none,8
109,none,8
110,none,8
111,none,8
112,none,8
113,none,8
114,none,8
115,none,8
116,none,8
117,none,8
118,none,8
119,none,8
120,none,8
121,none,8
122,none,8
123,none,8
124,none,8
125,none,8
126,none,8
127,none,8
128,none,8
129,none,8
130,none,8
131,none,8
132,none,8
133,none,8
134,none,8
135,none,8
136,none,8
137,none,8
138,none,8
139,none,8
140,none,8
141,none,8
142,none,8
143,none,8
144,none,8
145,none,8
146,none,8
147,none,8
148,none,8
149,none,8
150,none,8
151,none,8
152,none,8
153,none,8
154,none,8
155,none,8
156,none,8
157,none,8
158,none,8
159,none,8
160,none,8
161,none,8
162,none,8
163,none,8
164,none,8
165,none,8
166,none,8
167,none,8
168,none,8
169,none,8
170,none,8
171,none,8
172,none,8
173,none,8
174,none,8
175,none,8
176,none,8
177,none,8
178,none,8
179,none,8
180,none,8
181,none,8
182,none,8
183,none,8
184,none,8
185,none,8
186,none,8
187,none,8
188,none,8
189,none,8
190,none,8
191,none,8
192,none,8
193,none,8
194,none,8
195,none,8
196,none,8
197,none,8
198,none,8
199,none,8
200,none,8
201,none,8
202,none,8
203,none,8
204,none,8
205,none,8
206,none,8
207,none,8
208,none,8
209,none,8
210,none,8
211,none,8
212,none,8
213,none,8
214,none,8
215,none,8
216,none,8
217,none,8
218,none,8
219,none,8
220,none,8
221,none,8
222,none,8
223,none,8
224,none,8
225,none,8
226,none,8
227,none,8
228,none,8
229,none,8
230,none,8
231,none,8
232,none,8
233,none,8
234,none,8
235,none,8
236,none,8
237,none,8
238,none,8
239,none,8
240,none,8
241,none,8
242,none,8
243,none,8
244,none,8
245,none,8
246,none,8
247,none,8
248,none,8
249,none,8
250,none,8
251,none,8
252,none,8
253,none,8
254,none,8
255,none,8
256,none,8
257,none,8
258,none,8
259,none,8
260,none,8
261,none,8
262,none,8
263,none,8
264,none,8
265,none,8
266,none,8
267,none,8
268,none,8
269,none,8
270,none,8
271,none,8
272,none,8
273,none,8
274,none,8
275,none,8
276,none,8
277,none,8
278,none,8
279,none,8
280,none,8
281,none,8
282,none,8
283,none,8
284,none,8
285,none,8
286,none,8
287,none,8
288,none,8
289,none,8
290,none,8
291,none,8
292,none,8
293,none,8
294,none,8
295,none,8
296,none,8
297,none,8
298,none,8
299,none,8
300,none,8
301,none,8
302,none,8
303,none,8
304,none,8
305,none,8
306,none,8
307,none,8
308,none,8
309,none,8
310,none,8
311,none,8
312,none,8
313,none,8
314,none,8
315,none,8
316,none,8
317,none,8
318,none,8
319,none,8
320,none,8
321,none,8
322,none,8
323,none,8
324,none,8
325,none,8
326,none,8
327,none,8
328,none,8
329,none,8
330,none,8
331,none,8
332,none,8
333,none,8
334,none,8
335,none,8
336,none,8
337,none,8
338,none,8
339,none,8
340,none,8
341,none,8
342,none,8
343,none,8
344,none,8
345,none,8
346,none,8
347,none,8
348,none,8
349,none,8
350,none,8
351,none,8
352,none,8
353,none,8
354,none,8
355,none,8
356,none,8
357,none,8
358,none,8
359,none,8
360,none,8
361,none,8
362,none,8
363,none,8
364,none,8
365,none,8
366,none,8
367,none,8
368,none,8
369,none,8
370,none,8
371,none,8
372,none,8
373,none,8
374,none,8
375,none,8
376,none,8
377,none,8
378,none,8
379,none,8
380,none,8
381,none,8
382,none,8
383,none,8
384,none,8
385,none,8
386,none,8
387,none,8
388,none,8
389,none,8
390,none,8
391,none,8
392,none,8
393,none,8
394,none,8
395,none,8
396,none,8
397,none,8
398,none,8
399,none,8
400,none,8
401,none,8
402,none,8
403,none,8
404,none,8
405,none,8
406,none,8
407,none,8
408,none,8
409,none,8
410,none,8
411,none,8
412,none,8
413,none,8
414,none,8
415,none,8
416,none,8
417,none,8
418,none,8
419,none,8
420,none,8
421,none,8
422,none,8
423,none,8
424,none,8
425,none,8
426,none,8
427,none,8
428,none,8
429,none,8
430,none,8
431,none,8
432,none,8
433,none,8
434,none,8
435,none,8
436,none,8
437,none,8
438,none,8
439,none,8
440,none,8
441,none,8
442,none,8
443,none,8
444,none,8
445,none,8
446,none,8
447,none,8
448,none,8
449,none,8
450,none,8
451,none,8
452,none,8
453,none,8
454,none,8
455,none,8
456,none,8
457,none,8
458,none,8
459,none,8
460,none,8
461,none,8
462,none,8
463,none,8
464,none,8
465,none,8
466,none,8
467,none,8
468,none,8
469,none,8
470,none,8
471,none,8
472,none,8
473,none,8
474,none,8
475,none,8
476,none,8
477,none,8
478,none,8
479,none,8
480,none,8
481,none,8
482,none,8
483,none,8
484,none,8
485,none,8
486,none,8
487,none,8
488,none,8
489,none,8
490,none,8
491,none,8
492,none,8
493,none,8
494,none,8
495,none,8
496,none,8
497,none,8
498,none,8
499,none,8
500,none,8
501,none,8
502,none,8
503,none,8
504,none,8
505,none,8
506,none,8
507,none,8
508,none,8
509,none,8
510,none,8
511,none,8
512,none,8
513,none,8
514,none,8
515,none,8
516,none,8
517,none,8
518,none,8
519,none,8
520,none,8
521,none,8
522,none,8
523,none,8
524,none,8
525,none,8
526,none,8
527,none,8
528,none,8
529,none,8
530,none,8
531,none,8
532,none,8
533,none,8
534,none,8
535,none,8
536,none,8
537,none,8
538,none,8
539,none,8
540,none,8
541,none,8
542,none,8
543,none,8
544,none,8
545,none,8
546,none,8
547,none,8
548,none,8
549,none,8
550,none,8
551,none,8
552,none,8
553,none,8
554,none,8
555,none,8
556,none,8
557,none,8
558,none,8
559,none,8
560,none,8
561,none,8
562,none,8
563,none,8
564,none,8
565,none,8
566,none,8
567,none,8
568,none,8
569,none,8
570,none,8
571,none,8
572,none,8
573,none,8
574,none,8
575,none,8
576,none,8
577,none,8
578,none,8
579,none,8
580,none,8
581,none,8
582,none,8
583,none,8
1,none,9
2,none,9
3,none,9
4,none,9
5,none,9
6,none,9
7,none,9
8,none,9
9,none,9
10,none,9
11,none,9
12,none,9
13,none,9
14,none,9
15,none,9
16,none,9
17,none,9
18,none,9
19,none,9
20,none,9
21,none,9
22,none,9
23,none,9
24,none,9
25,none,9
26,none,9
27,none,9
28,none,9
29,none,9
30,none,9
31,none,9
32,none,9
33,none,9
34,none,9
35,none,9
36,none,9
37,none,9
38,none,9
39,none,9
40,none,9
41,none,9
42,none,9
43,none,9
44,none,9
45,none,9
46,none,9
47,none,9
48,none,9
49,none,9
50,none,9
51,none,9
52,none,9
53,none,9
54,none,9
55,none,9
56,none,9
57,none,9
58,none,9
59,none,9
60,none,9
61,none,9
62,none,9
63,none,9
64,none,9
65,none,9
66,none,9
67,none,9
68,none,9
69,none,9
70,none,9
71,none,9
72,none,9
73,none,9
74,none,9
75,none,9
76,none,9
77,none,9
78,none,9
79,none,9
80,none,9
81,none,9
82,none,9
83,none,9
84,none,9
85,none,9
86,none,9
87,none,9
88,none,9
89,none,9
90,none,9
91,none,9
92,none,9
93,none,9
94,none,9
95,none,9
96,none,9
97,none,9
98,none,9
99,none,9
100,none,9
101,none,9
102,none,9
103,none,9
104,none,9
105,none,9
106,none,9
107,none,9
108,none,9
109,none,9
110,none,9
111,none,9
112,none,9
113,none,9
114,none,9
115,none,9
116,none,9
117,none,9
118,none,9
119,none,9
120,none,9
121,none,9
122,none,9
123,none,9
124,none,9
125,none,9
126,none,9
127,none,9
128,none,9
129,none,9
130,none,9
131,none,9
132,none,9
133,none,9
134,none,9
135,none,9
136,none,9
137,none,9
138,none,9
139,none,9
140,none,9
141,none,9
142,none,9
143,none,9
144,none,9
145,none,9
146,none,9
147,none,9
148,none,9
149,none,9
150,none,9
151,none,9
152,none,9
153,none,9
154,none,9
155,none,9
156,none,9
157,none,9
158,none,9
159,none,9
160,none,9
161,none,9
162,none,9
163,none,9
164,none,9
165,none,9
166,none,9
167,none,9
168,none,9
169,none,9
170,none,9
171,none,9
172,none,9
173,none,9
174,none,9
175,none,9
176,none,9
177,none,9
178,none,9
179,none,9
180,none,9
181,none,9
182,none,9
183,none,9
184,none,9
185,none,9
186,none,9
187,none,9
188,none,9
189,none,9
190,none,9
191,none,9
192,none,9
193,none,9
194,none,9
195,none,9
196,none,9
197,none,9
198,none,9
199,none,9
200,none,9
201,none,9
202,none,9
203,none,9
204,none,9
205,none,9
206,none,9
207,none,9
208,none,9
209,none,9
210,none,9
211,none,9
212,none,9
213,none,9
214,none,9
215,none,9
216,none,9
217,none,9
218,none,9
219,none,9
220,none,9
221,none,9
222,none,9
223,none,9
224,none,9
225,none,9
226,none,9
227,none,9
228,none,9
229,none,9
230,none,9
231,none,9
232,none,9
233,none,9
234,none,9
235,none,9
236,none,9
237,none,9
238,none,9
239,none,9
240,none,9
241,none,9
242,none,9
243,none,9
244,none,9
245,none,9
246,none,9
247,none,9
248,none,9
249,none,9
250,none,9
251,none,9
252,none,9
253,none,9
254,none,9
255,none,9
256,none,9
257,none,9
258,none,9
259,none,9
260,none,9
261,none,9
262,none,9
263,none,9
264,none,9
265,none,9
266,none,9
267,none,9
268,none,9
269,none,9
270,none,9
271,none,9
272,none,9
273,none,9
274,none,9
275,none,9
276,none,9
277,none,9
278,none,9
279,none,9
280,none,9
281,none,9
282,none,9
283,none,9
284,none,9
285,none,9
286,none,9
287,none,9
288,none,9
289,none,9
290,none,9
291,none,9
292,none,9
293,none,9
294,none,9
295,none,9
296,none,9
297,none,9
298,none,9
299,none,9
300,none,9
301,none,9
302,none,9
303,none,9
304,none,9
305,none,9
306,none,9
307,none,9
308,none,9
309,none,9
310,none,9
311,none,9
312,none,9
313,none,9
314,none,9
315,none,9
316,none,9
317,none,9
318,none,9
319,none,9
320,none,9
321,none,9
322,none,9
323,none,9
324,none,9
325,none,9
326,none,9
327,none,9
328,none,9
329,none,9
330,none,9
331,none,9
332,none,9
333,none,9
334,none,9
335,none,9
336,none,9
337,none,9
338,none,9
339,none,9
340,none,9
341,none,9
342,none,9
343,none,9
344,none,9
345,none,9
346,none,9
347,none,9
348,none,9
349,none,9
350,none,9
351,none,9
352,none,9
353,none,9
354,none,9
355,none,9
356,none,9
357,none,9
358,none,9
359,none,9
360,none,9
361,none,9
362,none,9
363,none,9
364,none,9
365,none,9
366,none,9
367,none,9
368,none,9
369,none,9
370,none,9
371,none,9
372,none,9
373,none,9
374,none,9
375,none,9
376,none,9
377,none,9
378,none,9
379,none,9
380,none,9
381,none,9
382,none,9
383,none,9
384,none,9
385,none,9
386,none,9
387,none,9
388,none,9
389,none,9
390,none,9
391,none,9
392,none,9
393,none,9
394,none,9
395,none,9
396,none,9
397,none,9
398,none,9
399,none,9
400,none,9
401,none,9
402,none,9
403,none,9
404,none,9
405,none,9
406,none,9
407,none,9
408,none,9
409,none,9
410,none,9
411,none,9
412,none,9
413,none,9
414,none,9
415,none,9
416,none,9
417,none,9
418,none,9
419,none,9
420,none,9
421,none,9
422,none,9
423,none,9
424,none,9
425,none,9
426,none,9
427,none,9
428,none,9
429,none,9
430,none,9
431,none,9
432,none,9
433,none,9
434,none,9
435,none,9
436,none,9
437,none,9
438,none,9
439,none,9
440,none,9
441,none,9
442,none,9
443,none,9
444,none,9
445,none,9
446,none,9
447,none,9
448,none,9
449,none,9
450,none,9
451,none,9
452,none,9
453,none,9
454,none,9
455,none,9
456,none,9
457,none,9
458,none,9
459,none,9
460,none,9
461,none,9
462,none,9
463,none,9
464,none,9
465,none,9
466,none,9
467,none,9
468,none,9
469,none,9
470,none,9
471,none,9
472,none,9
473,none,9
474,none,9
475,none,9
476,none,9
477,none,9
478,none,9
479,none,9
480,none,9
481,none,9
482,none,9
483,none,9
484,none,9
485,none,9
486,none,9
487,none,9
488,none,9
489,none,9
490,none,9
491,none,9
492,none,9
493,none,9
494,none,9
495,none,9
496,none,9
497,none,9
498,none,9
499,none,9
500,none,9
501,none,9
502,none,9
503,none,9
504,none,9
505,none,9
506,none,9
507,none,9
508,none,9
509,none,9
510,none,9
511,none,9
512,none,9
513,none,9
514,none,9
515,none,9
516,none,9
517,none,9
518,none,9
519,none,9
520,none,9
521,none,9
522,none,9
523,none,9
524,none,9
525,none,9
526,none,9
527,none,9
528,none,9
529,none,9
530,none,9
531,none,9
532,none,9
533,none,9
534,none,9
535,none,9
536,none,9
537,none,9
538,none,9
539,none,9
540,none,9
541,none,9
542,none,9
543,none,9
544,none,9
545,none,9
546,none,9
547,none,9
548,none,9
549,none,9
550,none,9
551,none,9
552,none,9
553,none,9
554,none,9
555,none,9
556,none,9
557,none,9
558,none,9
559,none,9
560,none,9
561,none,9
562,none,9
563,none,9
564,none,9
565,none,9
566,none,9
567,none,9
568,none,9
569,none,9
570,none,9
571,none,9
572,none,9
573,none,9
574,none,9
575,none,9
576,none,9
577,none,9
578,none,9
579,none,9
580,none,9
581,none,9
582,none,9
583,none,9
584,none,9
585,none,9
586,none,9
587,none,9
